av,COW,ACA,MCA,PCA,age,sex
15228.25,1777.625,2121.25,7511.875,1187.375,75,1
10025.875,1208.75,1055.875,5238.625,749,68,2
12342.375,1376.125,1458.625,5904,1110.875,71,2
11678.875,2049.25,1430.625,5307,1067.75,63,1
13305.5,1641.625,1467.625,5830.875,1260,71,2
14846.875,1686.375,1462.25,7108,1473.75,74,2
18117,2629,2171.125,8057.75,1624,78,1
14685.75,2076.75,1646.375,7168.375,1091.625,65,1
8048.25,1058,900,3652,611.125,36,1
15177.875,1861.25,1433,7007.5,1591.375,75,1
16641.5,1879.125,1734.875,7976.875,2263,68,1
14221.375,2142.625,1377.625,6750.625,1468.125,72,2
12114.125,1956.5,1187.25,6196.25,768.875,75,2
14808.625,2428.375,1044.125,6025,837.875,64,1
20917.875,2904.5,2300.5,8329.5,1453.625,65,1
13639.125,1595.25,1383.375,6110,1575,75,1
15565.875,1974,1386.25,8585.875,1239.625,78,1
13253.5,1127.375,1464.375,6160.625,1624.875,75,1
15775.75,1917,1188,7989.125,1389.875,77,1
12873.5,2453.75,1089.125,5549.25,1150.25,64,2
12532.125,1456.625,1198.125,6007.75,1264.125,71,2
13701.125,1855.5,718.625,6496.875,1079.75,68,1
15715,2019,1562.125,7398.25,2011.25,60,1
15209.75,2303.5,1439.75,6183.875,1383.5,60,1
10042.625,1762.625,988.625,3293.125,918.75,63,1
13107.125,1439,1104.5,5613.5,1481.75,59,1
8852.75,1183.875,564,3355.25,1273.75,64,1
8767,1206.75,567,3328.375,1252.5,70,1
15858.625,1953.625,1681.25,6847.75,2268,71,1
13424.25,1773.125,1069.875,6570.875,1350.625,67,2
10867.25,1397.5,833.875,5159.125,558.375,72,2
13702.375,1981.75,951.75,5821.875,1148,74,2
11302.375,1321.125,979.75,6490.875,382.5,48,1
12558.25,1507.75,1034,5889,1209.5,74,1
13443.25,1466.125,960.625,6697,1545.625,60,1
9392.375,1462.625,217.375,4283.75,879,78,1
11255,1438.375,939.75,5809.375,640.875,71,2
14414.5,2449.75,912.25,6234.875,1489.375,74,2
11854,1796.75,861.75,5308,1384.375,64,1
10171.625,1269.25,916,4617.625,875,64,1
14937,1648.375,1122.5,6783.25,1800,52,2
12027.375,1342.75,909.375,6059.875,1326.875,64,1
12363.625,1691.375,1125.75,5943.5,1181.75,73,2
15289.375,1687.125,1546.125,7141.375,1637.875,78,1
9213.5,1093.75,720.25,4185.25,1140.75,70,1
12304.375,1351.25,1138.5,6476.375,1352,66,2
10174.375,1186.75,877.375,4761.875,693.5,68,1
10459,1960.875,273.75,4332.625,917.5,67,1
17474,1979,1591.125,8329.875,1229.75,76,1
16909.375,1950.25,1829.75,7315.375,1750.625,45,1
14032.25,1705.375,1590.25,5591,1543.5,67,1
12960.375,1592.875,1504.75,6144.375,913.5,76,1
11700.25,1563.75,1646.375,5863.375,1030.5,73,2
11384.5,1329.875,1155.125,5252.375,1175.25,62,2
14210.25,1189,1403.625,6407,1560.875,78,1
13751.125,1915.5,1180.5,5475.75,777.875,64,2
12219.375,1376.75,2005,4835.625,1777.375,80,2
13661.5,1616.25,1962,6109.25,1382.75,83,1
13688.625,2045.875,1491.5,6153.375,893.125,65,1
13125.625,1848.875,1483.75,6280.25,1463.375,67,1
14231,1832.75,1203.125,6668.5,890,77,1
13465,1256.375,1822.125,5907.75,1470.25,71,1
12424.875,1266.125,1298.5,5793.75,1415.375,63,1
13558.375,1308.75,1880.625,6186.75,1304,58,2
15168,1576.5,1495.375,6192.875,1697,66,1
13454.125,1873.625,2304.375,6244.75,1349.25,72,2
15001.625,1560.5,1471.875,6162.75,2924,76,2
10117.875,1133.625,993.5,5387.5,985.125,68,2
13815.5,2438.25,2123,6406.625,838.75,76,2
13811.5,1624.125,1019.5,6032.625,1312.875,76,1
17313.25,2029.75,1762.375,7223.5,969,62,1
20601.875,2094.375,2644,9058.125,1654.125,71,1
9217.25,985.125,1218.75,4558.25,350.75,41,2
13884,1565.375,1356,6720.125,859.625,62,1
14027.5,1635.25,1767,6865,1202.875,78,2
11131.25,1475.375,1118.25,4675,1248,52,1
16708.625,1689.5,2651.5,7301.25,1910,70,2
12493.125,1447.125,1616.625,5706.625,1220.875,73,2
13013.25,1426,1623.25,5980,1277.125,65,2
15212.5,2078.125,2088.125,7735,1686.25,68,1
9081,1136.75,1811.5,3794.75,596.75,66,1
15881.125,1695.25,2085.75,7822.375,1363.625,79,1
15094.125,1768.375,1405.125,7019.25,1089.375,70,2
10665.625,1191.875,1380.25,5141.375,1199.875,66,1
14113.625,1847.875,1603.625,6589.125,1045.125,77,1
15155.25,1443.875,1772.625,6673.25,1954.75,68,1
16326.375,1511.5,1457.125,8406.625,1833.75,50,2
13038.75,1433.625,1668.375,6460.125,986.125,73,2
12952.375,1559.375,1605.875,6318.25,756.375,66,1
16846.625,1808.875,2273.5,7335.625,2097,65,1
14657,1589.75,1173.25,6727.75,2547,70,2
15058.375,1675.75,2034.375,6283.25,1622.25,69,1
9526.75,1239.875,850.875,4598.125,631.875,69,2
12546.875,1539.375,923.5,5845.75,1111.625,73,1
13081.875,1559.125,1459.875,5519.25,1521.625,63,1
14880,1686.125,1922.25,6714.375,1791.125,65,1
11285.5,1032.375,1560.125,4867.875,1091.75,78,2
17286,2112.75,2240.625,8004.125,1768,67,1
17170.125,1655.75,2090,7920.125,1368,73,1
13503.875,1521.375,1669.5,7316.25,1139,75,1
9965.625,1150.75,1357.625,4755.375,846.625,75,1
14507.75,1386,1915.625,7760.125,1079,75,1
13834.5,1367.375,2978.5,4311.375,1516.875,68,1
13611.5,1507.875,1643.875,6695.5,1130.125,74,1
14543.875,1940.625,1743.5,5874.375,1198.875,61,1
9808.75,1499.375,1341.625,5327.75,29.625,48,1
9234.625,1297.375,946,4223.875,584.875,80,2
11403.25,806.125,612.375,5034.125,2610.625,48,2
14093.625,2139,1465.375,5799.125,1515.375,76,2
13289.875,1953.75,1511.25,5589.25,879.5,71,2
11957,1815.375,1966.875,4764.5,1076.625,70,1
13486.375,1682,1513.875,5937.75,922.75,60,1
11218.25,1204.25,805.5,5303.5,937.625,77,2
15624.25,1204.25,2332.25,8019.5,1641.875,66,2
14683.75,1589,1666,7416.875,1304.875,78,2
17449.125,2179,1326.75,10572,1531.125,70,1
12050.5,1241.125,1420,5714,1248.125,67,1
12079,1246.375,1249.375,5860.625,1029.75,65,1
11965.75,1379.25,1355.125,5833.875,1112,75,1
13458.125,1963.875,1117.75,6452.5,1023.875,74,2
10187.125,2340.75,1119.5,5088.5,495.625,63,1
13761,1864.625,1262.75,6734.625,824.625,66,2
16770.375,2114.625,2325.5,7649.25,1627.75,66,2
6982.5,944.625,1109.875,3127.25,390.875,65,1
11491.875,1485.5,391.125,7302,1332.125,68,1
16304.125,1821.125,2066.5,8351.125,1504.875,76,2
14490.375,1545.625,1785.625,6150.75,1137.875,71,1
14116.125,1795.5,1528.75,6404.875,1404.125,66,2
11683.5,1321.25,1227.75,4962.75,684,65,1
16564.875,2324.625,1957,7558.625,1508.75,73,1
15297.25,2341.625,1616,6769.875,1480.5,65,1
15988.375,2172.25,2094.125,7495.25,1208.625,72,2
14287.5,1863.5,2151.125,6571.875,1122.625,75,2
9634.375,1032.625,632,4324.75,837,45,1
12408.625,1721.125,1535.5,5776.5,1281.5,74,2
11513.25,1852.625,1382.625,5560.875,1542.5,76,1
19881.375,2595.625,2381.25,9382.75,2107.5,73,1
16219.5,2079.125,1646.625,6998.875,1567.75,64,1
12813,1638,1588.375,6011.125,907,72,1
11993.5,1085.125,1420.875,5170.625,1250.25,61,2
20527.375,2481,2480.375,9753.625,2400.625,56,1
20420.375,2372.75,2590,8834.125,2404.375,80,1
14640,1614.375,1470.125,6955.125,1346.125,74,2
13868.75,1461.125,1730.375,6452.5,1271.75,70,1
14344.5,2044.25,979,6118.375,1177.875,70,1
14839.375,1746.125,1518.25,5979.5,2067,60,1
12420.75,1674.625,1371.875,5813.375,1050.25,76,2
10725.25,1329.75,1258.875,4241.5,1534.5,60,2
16255.75,1545.375,2043.75,7450.5,1831.375,61,1
12770.25,1498.125,1399.875,5767.375,1484.375,75,1
12947.125,1327.5,1693.875,6502.25,1112.125,58,1
9373.625,1643.125,1118.25,4072,874.5,72,2
12820.375,1279.25,1096,6146.375,1112.25,72,2
12021.375,1413.25,1453.625,5131.75,1331.375,48,1
18625.625,1575.75,2647,8499.5,2084.25,67,2
13864.625,1271.125,1682.75,8074.75,1106.625,65,2
11682,1256.75,1401.75,4651.25,1676.625,49,1
13338.375,1305,1652.875,6074.375,1250.875,62,1
15968.75,2125.375,1830.875,7136.25,1721.375,65,2
11288.125,1453.5,839.375,5302.75,995.25,69,1
15501.375,1736.125,1718.5,7234.25,1548.625,74,2
11948.375,1566.25,1167.125,5717.5,1014.25,71,2
11405.625,1195.375,1651.5,4768.375,1900,70,1
15164.875,2003.25,1646.875,7695.625,1156.375,81,1
13012.5,1344.75,1261.875,5501.375,1073.25,58,1
